{"strikes": [0.5, 0.5204081632653061, 0.5408163265306123, 0.5612244897959184, 0.5816326530612246, 0.6020408163265306, 0.6224489795918366, 0.6428571428571428, 0.6632653061224489, 0.6836734693877551, 0.7040816326530612, 0.7244897959183673, 0.7448979591836734, 0.7653061224489796, 0.7857142857142857, 0.8061224489795918, 0.826530612244898, 0.8469387755102041, 0.8673469387755103, 0.8877551020408163, 0.9081632653061225, 0.9285714285714286, 0.9489795918367346, 0.9693877551020408, 0.9897959183673469, 1.010204081632653, 1.030612244897959, 1.0510204081632655, 1.0714285714285714, 1.0918367346938775, 1.1122448979591837, 1.1326530612244898, 1.153061224489796, 1.1734693877551021, 1.1938775510204083, 1.2142857142857144, 1.2346938775510206, 1.2551020408163263, 1.2755102040816326, 1.2959183673469385, 1.316326530612245, 1.3367346938775508, 1.3571428571428572, 1.3775510204081631, 1.3979591836734693, 1.4183673469387754, 1.4387755102040816, 1.4591836734693877, 1.4795918367346939, 1.5], "p": [[0.873914496572706, 0.8679594634488075, 0.8621935481573092, 0.856603776246293, 0.851178510871151, 0.8459072729359545, 0.8407805906534463, 0.8357898729124809, 0.8309273020547401, 0.8261857425844015, 0.8215586630414745, 0.8170400688166137, 0.8126244441119551, 0.8083067015879364, 0.8040821385016172, 0.7999463983536688, 0.7958954372309586, 0.7919254941686804, 0.7880330649671572, 0.78421487898919, 0.7804678785382276, 0.7767892004789991, 0.7731761598130106, 0.7696262349635725, 0.7661370545603048, 0.7627063855426487, 0.7593321224268405, 0.7560122776018398, 0.7527449725375526, 0.749528429803896, 0.7463609658121876, 0.7432409842014691, 0.7401669698018909, 0.7371374831155071, 0.73415115526192, 0.7312066833423598, 0.7283028261811145, 0.7254384004078769, 0.7226122768486212, 0.7198233771961666, 0.7170706709347023, 0.7143531724952565, 0.711669938621515, 0.7090200659275067, 0.7064026886305447, 0.7038169764444702, 0.7012621326197244, 0.6987373921180773, 0.6962420199110049, 0.6937753093917495], [0.634056631740815, 0.6284911059507885, 0.6231275055055657, 0.6179519081990494, 0.6129518148183845, 0.6081159589360112, 0.6034341476952189, 0.5988971276932378, 0.5944964713379592, 0.5902244800215561, 0.5860741011964902, 0.5820388570139222, 0.5781127826329209, 0.5742903726614599, 0.5705665344694554, 0.566936547336791, 0.5633960265779753, 0.5599408919293691, 0.5565673396020497, 0.5532718174990365, 0.5500510031740619, 0.5469017841737853, 0.5438212404589566, 0.5408066286446302, 0.5378553678368136, 0.5349650268741964, 0.5321333128099435, 0.529358060490798, 0.5266372231096321, 0.5239688636236496, 0.5213511469441757, 0.5187823328157425, 0.5162607693122575, 0.5137848868867808, 0.5113531929189312, 0.5089642667104884, 0.5066167548853963, 0.5043093671553223, 0.5020408724162263, 0.4998100951451549, 0.4976159120697878, 0.4954572490861608, 0.49333307840254736, 0.4912424158897387, 0.4891843186199551, 0.4871578825783888, 0.48516224053294965, 0.483196560049173, 0.48126004163850244, 0.4793519170292541], [0.3548544278231104, 0.3521391401520419, 0.34954043642961696, 0.34704927954487313, 0.3446576255487139, 0.3423582844469005, 0.340144804448084, 0.3380113750921061, 0.3359527456901868, 0.3339641562699591, 0.332041278799779, 0.3301801669146354, 0.32837721271392695, 0.326629109473657, 0.3249328193303181, 0.32328554516413316, 0.32168470604548083, 0.320127915717761, 0.31861296367842484, 0.31713779849179924, 0.31570051302609947, 0.3142993313552521, 0.31293259710598115, 0.3115987630635467, 0.31029638187701414, 0.30902409772784817, 0.30778063884485884, 0.30656481076475434, 0.30537549025120675, 0.3042116197969899, 0.30307220264358115, 0.3019562982610783, 0.3008630182384864, 0.29979152254062275, 0.2987410160932202, 0.2977107456624241, 0.2966999969988439, 0.2957080922198066, 0.29473438740643443, 0.29377827039482135, 0.2928391587428622, 0.29191649785628815, 0.29100975925924927, 0.2901184389963037, 0.2892420561540674, 0.2883801514919646, 0.28753228617259813, 0.28669804058319603, 0.2858770132404409, 0.2850688197717208], [0.18808711359051206, 0.18735226933538981, 0.18664746784355646, 0.18597041875642653, 0.18531908170067588, 0.18469163133318367, 0.1840864282747743, 0.18350199478709772, 0.1829369942927175, 0.1823902140298606, 0.1818605502825343, 0.1813469957426648, 0.18084862864798287, 0.18036460340495372, 0.1798941424597737, 0.17943652922263717, 0.17899110188587178, 0.17855724800392922, 0.17813439972585235, 0.17772202958810973, 0.17731964679103818, 0.17692679389358137, 0.17654304387111877, 0.17616799749004713, 0.17580128095872052, 0.17544254382083543, 0.17509145706180634, 0.17474771140293813, 0.17441101576137982, 0.174081095857077, 0.1737576929501519, 0.1734405626943135, 0.17312947409389273, 0.1728242085533012, 0.17252455900944144, 0.17223032913848663, 0.17194133262949365, 0.17165739251834156, 0.17137834057596754, 0.17110401674578768, 0.1708342686254771, 0.17056895098895516, 0.17030792534479344, 0.17005105952783975, 0.16979822732107577, 0.16954930810522245, 0.16930418653389248, 0.16906275223216882, 0.16882489951673463, 0.16859052713568803]]}